{
    "mean_reward": -195.14780291729144,
    "std_reward": 105.87177962604916,
    "min_reward": -465.7606458057644,
    "max_reward": 17.994145603624972,
    "mean_steps": 94.52,
    "std_steps": 21.533453044042894
}